"gene_id","baseMean","log2FoldChange","lfcSE","stat","pvalue","padj"
"ENSRNOG00000049070",113.917552951832,8.03822013084511,2.04475606305213,3.93113891485264,8.45444016257615e-05,0.999238351872805
"ENSRNOG00000011882",86.8435152835924,-1.25059197560132,0.379962280718918,-3.29135821912403,0.000997048616135396,0.999238351872805
"ENSRNOG00000004555",26.2357336556197,3.1410310854666,0.96128177285767,3.26754462027199,0.00108484764083301,0.999238351872805
"ENSRNOG00000003544",25.1690209864376,2.34836684108908,0.72428350487251,3.24233097301097,0.00118556250825089,0.999238351872805
"ENSRNOG00000000439",170.699450301271,1.57434897156637,0.489636652806747,3.21534134044443,0.00130289495431395,0.999238351872805
"ENSRNOG00000026203",28.1671578234254,1.50481333813064,0.468048400127601,3.21508061499707,0.00130407893921749,0.999238351872805
"ENSRNOG00000022932",76.9955352319689,-0.925984290988048,0.301899395323776,-3.06719491768099,0.00216077906126304,0.999238351872805
"ENSRNOG00000050553",25.8642339967625,1.32664143255292,0.43543749772676,3.04668623965269,0.0023137909204231,0.999238351872805
"ENSRNOG00000008057",23.1281055969108,2.96575881805992,0.9743096012377,3.04395934751377,0.00233486689152856,0.999238351872805
"ENSRNOG00000024793",64.1564450079816,-0.946029728370417,0.312177356270386,-3.03042392207023,0.00244210702418643,0.999238351872805
"ENSRNOG00000038286",37.5409425928902,2.21390154940898,0.736108468959101,3.007575164214,0.0026334099286447,0.999238351872805
"ENSRNOG00000004405",12.6060186579827,4.34174104317967,1.48029377752007,2.9330266120914,0.00335675118314642,0.999238351872805
"ENSRNOG00000043102",53.5277381619625,-1.21756198439196,0.419160886357574,-2.9047604965538,0.00367534220331933,0.999238351872805
"ENSRNOG00000013707",189.283958993004,0.598523911231278,0.206818849333779,2.89395242822058,0.00380425793514267,0.999238351872805
"ENSRNOG00000014082",3.558136703181,-5.11480391168102,1.78608514317932,-2.86369545775205,0.00418730383478731,0.999238351872805
"ENSRNOG00000022242",207.474181568209,0.885030936269663,0.31076851316634,2.84787840071799,0.00440117374598669,0.999238351872805
"ENSRNOG00000014314",11.4236271121607,3.34804322953478,1.17774842267738,2.84274906683692,0.00447262692429161,0.999238351872805
"ENSRNOG00000020930",185.243229785688,-0.783244764547226,0.275679665337886,-2.84114087118919,0.00449524505707922,0.999238351872805
"ENSRNOG00000017645",37.8291204729091,1.34700200437296,0.474164823521566,2.84078855611628,0.00450021393627406,0.999238351872805
"ENSRNOG00000005968",31.5561521083283,1.81938579429006,0.642181323569731,2.83313408147177,0.00460940473170346,0.999238351872805
"ENSRNOG00000014711",5.07681416487008,4.05915445397113,1.4370704163031,2.82460372708346,0.00473391229026381,0.999238351872805
"ENSRNOG00000011250",39.1382093399822,1.79465874640282,0.635442461755733,2.82426632530058,0.00473889895115721,0.999238351872805
"ENSRNOG00000040201",4.50304348223841,-4.43464178365638,1.57786084730559,-2.81054048031494,0.00494583669013698,0.999238351872805
"ENSRNOG00000007810",96.0918702559891,0.773080570777628,0.276733617817477,2.79359109628496,0.00521263449578143,0.999238351872805
"ENSRNOG00000008765",25.1446163926815,2.2742766701384,0.823221464152781,2.76265472800685,0.00573333800255851,0.999238351872805
"ENSRNOG00000013578",373.242102670794,0.76467461865608,0.279038529168762,2.74039080170755,0.00613661698290327,0.999238351872805
"ENSRNOG00000036921",14.9958571536243,2.2934194299551,0.845507235368848,2.7124775921694,0.00667822963882794,0.999238351872805
"ENSRNOG00000013484",1183.56077859227,0.604674442142266,0.223171007521711,2.70946682930326,0.00673914434652894,0.999238351872805
"ENSRNOG00000005116",550.303399265136,0.962660121319027,0.360103200818228,2.67328954347439,0.00751113893893541,0.999238351872805
"ENSRNOG00000055809",27.1203213493172,-1.30977599887745,0.490810168183729,-2.66859996752787,0.00761681081301179,0.999238351872805
"ENSRNOG00000001580",17.1627756290981,1.64289410924967,0.61655915213918,2.66461717995683,0.00770760082607825,0.999238351872805
"ENSRNOG00000001410",263.10631732823,-0.878037016023159,0.32952557089004,-2.664548956403,0.00770916443577139,0.999238351872805
"ENSRNOG00000017073",15.6683823716823,1.5442643904363,0.583035889848077,2.64866094407789,0.00808113606632871,0.999238351872805
"ENSRNOG00000014573",13.8898154481862,1.73677603857326,0.659053496408814,2.63525806028944,0.00840733374407761,0.999238351872805
"ENSRNOG00000005700",77.409757174112,0.788606305768154,0.299576209695748,2.63240631346885,0.00847824021302618,0.999238351872805
"ENSRNOG00000033803",2.30838751146089,4.81944129262622,1.83372158909275,2.62822956401505,0.00858305714258174,0.999238351872805
"ENSRNOG00000020539",18.5866007411772,1.63933134484161,0.624225219224525,2.62618570085674,0.00863476949634008,0.999238351872805
"ENSRNOG00000032664",5.28473187890369,3.44902729411958,1.31489425779402,2.62304536937135,0.0087147666740435,0.999238351872805
"ENSRNOG00000002381",46.8726554446028,0.910092662519258,0.34826043072417,2.61325313538153,0.00896848486970683,0.999238351872805
"ENSRNOG00000001296",25.8472851513229,-1.19863926850613,0.459236650122473,-2.61006883528669,0.00905240053826602,0.999238351872805
"ENSRNOG00000004275",44.2738335854085,3.33880719408534,1.28040535257438,2.60761733569166,0.00911748163763598,0.999238351872805
"ENSRNOG00000019577",174.075949659617,-0.592775018955114,0.228336518640509,-2.59605875785631,0.00942999376110574,0.999238351872805
"ENSRNOG00000026248",47.2001657469499,-0.891795803137802,0.343831236831015,-2.59370210617629,0.00949487151934725,0.999238351872805
"ENSRNOG00000014182",561.296982222189,-0.833522611285721,0.322379259161735,-2.5855342352144,0.00972282166271087,0.999238351872805
"ENSRNOG00000028041",97.2003407645629,-0.907422543680674,0.351153325230407,-2.58412060624878,0.00976276485030612,0.999238351872805
"ENSRNOG00000054007",2.87589381346828,-4.79932859588896,1.86265310243844,-2.57660891853994,0.00997747656027184,0.999238351872805
"ENSRNOG00000047175",4.51040197362121,4.77322363264224,1.86700787654116,2.55661676237015,0.0105695592142206,0.999238351872805
"ENSRNOG00000022256",80.1471156328644,0.892005032295461,0.350848512904079,2.54242215511209,0.0110087120450778,0.999238351872805
"ENSRNOG00000009726",75.9677116395754,-0.813336670981781,0.321768603672018,-2.52770674857645,0.0114810203723942,0.999238351872805
"ENSRNOG00000015232",67.0866844084892,-0.858454384717411,0.339751007899241,-2.52671622676098,0.0115134490066707,0.999238351872805
"ENSRNOG00000049906",23.4850254008185,1.74766506155654,0.692051307217514,2.52534030834111,0.011558629995463,0.999238351872805
"ENSRNOG00000015084",8.07839396641438,2.16170897013693,0.859433057361193,2.51527323928433,0.0118940163003555,0.999238351872805
"ENSRNOG00000003947",111.014821342735,-1.35903937127016,0.541205909811213,-2.51113180146949,0.012034475534344,0.999238351872805
"ENSRNOG00000002524",158.782601584599,-0.657798813777719,0.264084571404298,-2.49086423443749,0.0127432803882498,0.999238351872805
"ENSRNOG00000027341",3.01782235885934,5.22013240372537,2.09789699273063,2.48826916755852,0.0128366537869376,0.999238351872805
"ENSRNOG00000008830",953.616484038346,-0.670752737080842,0.269606094494352,-2.48789901555765,0.0128500214847811,0.999238351872805
"ENSRNOG00000046683",138.565757860251,0.903387480303523,0.363793879624472,2.48323990836802,0.0130193371262903,0.999238351872805
"ENSRNOG00000026053",241.93478765391,0.869101358314453,0.350695341671367,2.47822327542884,0.0132038489773455,0.999238351872805
"ENSRNOG00000012991",490.548434819855,-0.707747670098672,0.285728514801602,-2.47699348659724,0.0132494319882099,0.999238351872805
"ENSRNOG00000056009",337.700705827302,-0.878500406546281,0.355415297248981,-2.47175744360508,0.0134450705463617,0.999238351872805
"ENSRNOG00000053203",119.280956202642,-1.00873359992865,0.410905645858665,-2.45490323653429,0.0140922515610781,0.999238351872805
"ENSRNOG00000033057",10.764680622692,1.70991773557055,0.697602661777188,2.45113419036336,0.0142406852703285,0.999238351872805
"ENSRNOG00000026432",44.707096522739,-1.29675570743251,0.529720599373988,-2.44799939621941,0.0143651896314635,0.999238351872805
"ENSRNOG00000001153",3.249873021304,5.3302397694795,2.1844079406399,2.44013019286043,0.0146819695378089,0.999238351872805
"ENSRNOG00000050137",24.018065572151,-1.19685133568916,0.491633652548441,-2.43443736913685,0.0149149607807012,0.999238351872805
"ENSRNOG00000062223",13.1400465252329,-1.7662226041499,0.726198849310283,-2.43214734618127,0.0150095999076315,0.999238351872805
"ENSRNOG00000019472",186.510626454541,-0.745190963467908,0.306651679456796,-2.43008929475926,0.0150951033188434,0.999238351872805
"ENSRNOG00000009783",60.7740778965415,-0.802949100490325,0.331163153969632,-2.424632966758,0.0153238705437724,0.999238351872805
"ENSRNOG00000019936",120.01030069539,0.618039510360781,0.255006634431708,2.42362129808153,0.0153666205388264,0.999238351872805
"ENSRNOG00000039931",4.53041497634931,4.80132860024975,1.98685607328567,2.4165457502464,0.0156685570594139,0.999238351872805
"ENSRNOG00000052757",8.73906625110338,2.12608681883716,0.880366171463281,2.41500285648565,0.0157350862882339,0.999238351872805
"ENSRNOG00000022839",171.708359715476,0.670825473197914,0.277922511467468,2.41371405884275,0.015790849290267,0.999238351872805
"ENSRNOG00000050675",679.752106877279,-0.66867401492762,0.277401164166906,-2.41049462404309,0.0159309061031022,0.999238351872805
"ENSRNOG00000024632",112.478471876272,-0.613129293010782,0.254608820998156,-2.40812274534362,0.0160347888910789,0.999238351872805
"ENSRNOG00000020150",223.782379610827,0.916345642219356,0.381484319201879,2.40205323284712,0.0163033357556403,0.999238351872805
"ENSRNOG00000004158",14.6458804377015,-1.37643649408564,0.574146124401707,-2.39736268449076,0.0165135692185042,0.999238351872805
"ENSRNOG00000008953",7.7630417026631,2.07502375003044,0.86560979626074,2.39718145403867,0.0165217396474024,0.999238351872805
"ENSRNOG00000056617",6.92361816955043,-2.71691012021903,1.13394784225607,-2.39597450515321,0.0165762432499307,0.999238351872805
"ENSRNOG00000001094",16.0506503003535,-1.50461423773103,0.631990059912589,-2.38075617508785,0.0172771434079601,0.999238351872805
"ENSRNOG00000046343",2.61747677878837,5.00801071263207,2.11471742372814,2.36817016611289,0.0178763117892351,0.999238351872805
"ENSRNOG00000027489",110.172554671539,-0.938976803252626,0.396823924609528,-2.36623032287323,0.0179702609050789,0.999238351872805
"ENSRNOG00000052573",2.06719758148672,4.66576680233412,1.97237887658702,2.36555301707942,0.0180031654206142,0.999238351872805
"ENSRNOG00000019181",428.39948061307,-0.838365695017972,0.3548445459738,-2.36262809878406,0.0181458690597494,0.999238351872805
"ENSRNOG00000000840",31.4772226115109,-0.971343964303446,0.41214128080529,-2.3568227924306,0.0184320403761215,0.999238351872805
"ENSRNOG00000047598",76.2419391919371,-1.04554333242292,0.443901122209171,-2.35535185678186,0.0185051740773842,0.999238351872805
"ENSRNOG00000048273",10.0185105284344,2.73771760842692,1.16810668905986,2.3437222250909,0.0190923846858937,0.999238351872805
"ENSRNOG00000000042",59.2938666833286,-0.782717187793845,0.334588293709524,-2.33934421051016,0.0193176263595515,0.999238351872805
"ENSRNOG00000037715",62.6120802450488,-0.665116239592376,0.284574677700786,-2.33722917641923,0.0194272708645553,0.999238351872805
"ENSRNOG00000032737",3.03563347002026,5.20746946317976,2.23018340733102,2.33499605730267,0.0195436267053107,0.999238351872805
"ENSRNOG00000049075",592.280430142347,0.724299196375322,0.310502452960482,2.33266819462938,0.0196655667239414,0.999238351872805
"ENSRNOG00000010797",120.986343916517,0.646807896079519,0.277361062927233,2.33200684066174,0.01970033129447,0.999238351872805
"ENSRNOG00000002802",29.6911852333037,1.02803962278546,0.441118253846942,2.33053067702378,0.0197781205954254,0.999238351872805
"ENSRNOG00000004725",3.93080220735948,2.96722954085265,1.27329723360701,2.33035104650863,0.0197876048536557,0.999238351872805
"ENSRNOG00000002361",5.68800200210245,-2.69547769243295,1.16040193923374,-2.32288278853868,0.0201854499841666,0.999238351872805
"ENSRNOG00000003590",98.7719966045891,-1.09963228208832,0.474686056594488,-2.31654641380737,0.0205284533074305,0.999238351872805
"ENSRNOG00000004874",99.7429949314609,0.720207979168824,0.311714123225971,2.31047593132867,0.0208618195536153,0.999238351872805
"ENSRNOG00000013526",360.336162295674,0.867474048325066,0.375571666054101,2.30974305766748,0.0209023834790128,0.999238351872805
"ENSRNOG00000007147",93.7439040138071,0.676790775511113,0.293193646848913,2.3083405209659,0.020980204362132,0.999238351872805
"ENSRNOG00000002487",2.91993254424652,4.14255374485339,1.7946510385472,2.3082781308877,0.0209836719837128,0.999238351872805
"ENSRNOG00000009446",227.98929078376,-1.04427335520427,0.452571504740891,-2.30742179802535,0.021031317198876,0.999238351872805
"ENSRNOG00000012920",4.53585497599255,-4.44586573932368,1.93198059338758,-2.30119585804338,0.0213805629148541,0.999238351872805
"ENSRNOG00000028910",117.524447969912,-1.09781132633603,0.477974219772318,-2.29680028947788,0.0216301650507876,0.999238351872805
"ENSRNOG00000011492",54.3640882189625,-0.767962495182876,0.335100687856041,-2.291736552665,0.0219208498160018,0.999238351872805
"ENSRNOG00000020346",55.6683279977356,0.712842515230644,0.312413945366595,2.28172437819373,0.0225056178698035,0.999238351872805
"ENSRNOG00000047526",53.5061712815584,-1.02966859258226,0.451288105333863,-2.28162138645448,0.0225117029619029,0.999238351872805
"ENSRNOG00000051698",2.06561832131742,-4.32548131063941,1.90612465521473,-2.26925416383754,0.0232528741713264,0.999238351872805
"ENSRNOG00000026051",40.2114433259823,0.794334654859424,0.350713357521618,2.26491132380226,0.0235181217412255,0.999238351872805
"ENSRNOG00000045638",2.83413381519837,-3.72744973958768,1.64900609865779,-2.26042204611714,0.0237950695130497,0.999238351872805
"ENSRNOG00000019328",141.487833978851,0.767429223636094,0.340383687533924,2.2546004751171,0.0241584176107223,0.999238351872805
"ENSRNOG00000001984",20.7342026347294,-1.27655718587002,0.567323001454254,-2.25014177566879,0.0244399469246849,0.999238351872805
"ENSRNOG00000009906",17.1046500178376,1.22209227106834,0.543370438171282,2.24909598538578,0.0245063899227983,0.999238351872805
"ENSRNOG00000010507",18.4863092794049,1.9105712167914,0.852949354198846,2.23995857126353,0.0250936125722752,0.999238351872805
"ENSRNOG00000024435",21.1618366626974,-1.38155587382468,0.617973435462603,-2.2356234014986,0.0253764503716408,0.999238351872805
"ENSRNOG00000057645",2.7988398836589,-3.71123360898843,1.66114328260143,-2.23414418723498,0.0254735873904881,0.999238351872805
"ENSRNOG00000057290",70.294202644587,-0.694271943396397,0.31117303818623,-2.2311442772908,0.0256715736350147,0.999238351872805
"ENSRNOG00000012566",134.242835458939,0.710587891797311,0.318546388068693,2.23072029196601,0.0256996626364334,0.999238351872805
"ENSRNOG00000048169",190.982246949866,-0.735067327343461,0.330931690319282,-2.22120561084455,0.0263370383511746,0.999238351872805
"ENSRNOG00000017959",36.7341670319305,1.01127178828896,0.455447485042442,2.22039164009156,0.0263921940417421,0.999238351872805
"ENSRNOG00000002167",66.2439584234898,-1.16451813166409,0.525081805682264,-2.21778419869448,0.0265695500172434,0.999238351872805
"ENSRNOG00000012458",24.471272838169,2.26501021713574,1.02166283086008,2.21698406628825,0.0266241803775661,0.999238351872805
"ENSRNOG00000053592",3.29919727090146,-3.96617688831956,1.79070023909118,-2.21487483038059,0.0267686571491049,0.999238351872805
"ENSRNOG00000006871",90.0109925874455,0.59728139357225,0.270084594916618,2.21146042689568,0.0270039693498871,0.999238351872805
"ENSRNOG00000019440",117.752054853199,0.660785884195886,0.298847588189667,2.2111133243495,0.0270279904857112,0.999238351872805
"ENSRNOG00000018712",27.2097687336568,-1.29671401213334,0.586939308570451,-2.20928125480574,0.0271550841929099,0.999238351872805
"ENSRNOG00000006926",46.7362789493102,1.46189935998274,0.661896956596039,2.20865097718669,0.0271989266833379,0.999238351872805
"ENSRNOG00000012068",2.49828829332142,3.90281942025176,1.76753740433254,2.20805478327376,0.0272404544987814,0.999238351872805
"ENSRNOG00000002154",16.6827250760147,-1.7966111077514,0.814129595423193,-2.20678761446757,0.027328900758812,0.999238351872805
"ENSRNOG00000049766",54.3452322499992,3.20334214421212,1.45164108392789,2.20670397089095,0.0273347476481776,0.999238351872805
"ENSRNOG00000004200",77.1467923032952,-0.704531825478378,0.319832540941978,-2.20281470860775,0.0276078110425057,0.999238351872805
"ENSRNOG00000026235",128.550341121674,0.827557172743118,0.376567775455194,2.19763141374157,0.0279753827401382,0.999238351872805
"ENSRNOG00000001159",1.78975247461936,4.44526102347815,2.0228273521896,2.19754840603001,0.0279813033618153,0.999238351872805
"ENSRNOG00000059266",35.5688124502738,1.02900472865924,0.468585396893927,2.19598121384089,0.0280932880451981,0.999238351872805
"ENSRNOG00000014750",41.0585121090401,-0.798900025477385,0.364813241229307,-2.18988768824657,0.0285323830912777,0.999238351872805
"ENSRNOG00000019932",74.3150609197974,-0.865583911821747,0.395865228850146,-2.18656211442458,0.0287745055921139,0.999238351872805
"ENSRNOG00000018231",93.7047956768968,-0.738897762686677,0.338197081920922,-2.18481412816994,0.0289024777263776,0.999238351872805
"ENSRNOG00000001931",72.5450958444364,-0.86212547764241,0.394773552515142,-2.18384811279712,0.0289734108363574,0.999238351872805
"ENSRNOG00000005093",24.4188408087787,-1.15628978605071,0.529560756176975,-2.18348843369408,0.028999859810093,0.999238351872805
"ENSRNOG00000026762",89.643850302131,0.737466151513841,0.337827389620802,2.18296732050536,0.0290382166926744,0.999238351872805
"ENSRNOG00000033343",41.9480496386462,0.927420620646439,0.424859057303901,2.18289007778657,0.0290439059086664,0.999238351872805
"ENSRNOG00000004956",26.5319798859309,-1.1371245641712,0.521779124168849,-2.17932169283803,0.0293077788161932,0.999238351872805
"ENSRNOG00000028043",9.48565930151047,5.88374275558521,2.71113377571359,2.17021484085069,0.0299905743179449,0.999238351872805
"ENSRNOG00000007137",7.87137997343065,3.26274191501945,1.50607054967764,2.16639380918631,0.0302811066333001,0.999238351872805
"ENSRNOG00000026502",47.0179423572262,0.750478745975139,0.3467739565913,2.16417274628162,0.0304510941010585,0.999238351872805
"ENSRNOG00000049052",49.193314088415,-0.771983113600555,0.357113603827272,-2.16172978381956,0.0306390105005152,0.999238351872805
"ENSRNOG00000003003",95.5072538666337,-0.613316897024152,0.283716948093101,-2.16172104326631,0.0306396846211201,0.999238351872805
"ENSRNOG00000006509",32.4154083574274,-1.01107649831466,0.468420926311228,-2.15847849983303,0.030890648257327,0.999238351872805
"ENSRNOG00000008050",3.28039236928159,3.35756242977875,1.55607151696907,2.15771729844309,0.030949818184503,0.999238351872805
"ENSRNOG00000026861",3.05317077914618,-3.84609588122682,1.7848638226353,-2.15483995610834,0.0311743603465435,0.999238351872805
"ENSRNOG00000008354",29.9737838439942,-0.986186288932784,0.45802272110609,-2.15313835643616,0.0313078065618445,0.999238351872805
"ENSRNOG00000010645",3596.43001854671,0.692777673507179,0.322687618115279,2.14689884152818,0.0318013358746772,0.999238351872805
"ENSRNOG00000054605",26.2130774917683,-1.05822282082398,0.493011105915193,-2.1464482404703,0.0318372340837528,0.999238351872805
"ENSRNOG00000004133",3.18038144757006,3.28395994907387,1.53062837685702,2.14549788748665,0.0319130601461523,0.999238351872805
"ENSRNOG00000004787",50.3692216140908,-0.718213136620613,0.335567757302254,-2.14029244762542,0.0323311399523241,0.999238351872805
"ENSRNOG00000018854",1.73060774623409,4.40418871470719,2.05881797682099,2.13918314503338,0.0324208386915665,0.999238351872805
"ENSRNOG00000007246",4.06974774144363,-2.70641007334003,1.26835609987948,-2.13379355655497,0.0328596835868707,0.999238351872805
"ENSRNOG00000018992",114.306732827632,-0.724271285573436,0.339731116092716,-2.13189564118636,0.0330154266357923,0.999238351872805
"ENSRNOG00000003745",201.405728995174,0.651498929024599,0.30561178467339,2.13178601643539,0.0330244417197381,0.999238351872805
"ENSRNOG00000056580",5.53787573865753,2.37898391123212,1.11785881148881,2.12816134451156,0.0333237085855596,0.999238351872805
"ENSRNOG00000005352",34.7974594764342,-0.800503002869562,0.376673765892177,-2.12518915665262,0.0335708324649085,0.999238351872805
"ENSRNOG00000000860",370.684038765761,-0.740648161809797,0.348725337543063,-2.12387252107351,0.0336808047319993,0.999238351872805
"ENSRNOG00000009894",35.5438197849826,-0.885723144998119,0.417648823861132,-2.12073659590293,0.0339439750141907,0.999238351872805
"ENSRNOG00000010610",13.0812073699817,1.4494785173837,0.685585971433978,2.11421846096407,0.0344966128254054,0.999238351872805
"ENSRNOG00000001736",261.717771159106,-0.636738064346853,0.301813982666142,-2.10970366158017,0.0348838889178105,0.999238351872805
"ENSRNOG00000010457",28.326470298049,-1.48264165346176,0.70315580475262,-2.1085535288774,0.0349831377080258,0.999238351872805
"ENSRNOG00000038258",6.36059967547852,1.93469672074079,0.917649666015572,2.10831735943547,0.0350035473649187,0.999238351872805
"ENSRNOG00000019177",1.77479146165845,-4.10593642535301,1.94999097968546,-2.10561816343136,0.0352375336139851,0.999238351872805
"ENSRNOG00000012503",34.958050363949,-1.03443105549652,0.491704833346766,-2.103764261286,0.0353990157547864,0.999238351872805
"ENSRNOG00000001915",64.1234350677224,0.626111487391549,0.297690092867376,2.10323253071941,0.0354454479389955,0.999238351872805
"ENSRNOG00000047505",25.6248033118011,1.2466376601957,0.592872808376568,2.10270675696748,0.0354914110443019,0.999238351872805
"ENSRNOG00000018841",24.0272072974249,-1.04681730545455,0.497877989448916,-2.10255791105213,0.0355044323762308,0.999238351872805
"ENSRNOG00000036728",45.0454414643695,1.02434789043174,0.48762512724539,2.10068725583998,0.0356684287691571,0.999238351872805
"ENSRNOG00000009207",113.048009469727,-0.619076689855827,0.295002225353727,-2.0985492198017,0.035856656746152,0.999238351872805
"ENSRNOG00000028074",1.78921499053128,-4.11614251681061,1.96458047908134,-2.09517632931758,0.0361553206506655,0.999238351872805
"ENSRNOG00000003741",55.3558719175419,-0.690307541900518,0.329867495967195,-2.09268130488725,0.036377613216762,0.999238351872805
"ENSRNOG00000058606",5.50235602333193,2.12843873140338,1.01716207779505,2.09252662664863,0.0363914324322648,0.999238351872805
"ENSRNOG00000004145",68.3777190619103,0.658557580442088,0.314821100038158,2.0918470215696,0.0364522025219633,0.999238351872805
"ENSRNOG00000021000",2.60771427269054,-3.56973780092785,1.70792518805712,-2.09010197044325,0.0366086407208558,0.999238351872805
"ENSRNOG00000029394",113.099840831694,-0.826111914485245,0.395648389036357,-2.08799514259954,0.0367982728508431,0.999238351872805
"ENSRNOG00000017060",1204.97074327592,-0.727469034161766,0.348409613436953,-2.08797061305373,0.0368004856332711,0.999238351872805
"ENSRNOG00000041826",12.3734923914025,-1.4275726502731,0.684219115737682,-2.08642614249966,0.0369400389733036,0.999238351872805
"ENSRNOG00000056621",5.76970061731605,2.18343026146754,1.04790016281538,2.08362431741718,0.0371943532816488,0.999238351872805
"ENSRNOG00000002129",37.9308026319159,0.783114050125979,0.375883716540883,2.08339445329711,0.037215283444712,0.999238351872805
"ENSRNOG00000008970",11.3690036549028,1.51992659537362,0.729919754993182,2.08232012488526,0.0373132388744582,0.999238351872805
"ENSRNOG00000005871",201.126833410594,1.86058655034465,0.893583888028403,2.08216215094236,0.0373276611608126,0.999238351872805
"ENSRNOG00000033891",22.8591141861255,1.44212398183317,0.69350165582249,2.07948167062819,0.0375731007909315,0.999238351872805
"ENSRNOG00000054457",3.66417001399623,2.88742583331831,1.39194120302488,2.07438778810738,0.038043310548523,0.999238351872805
"ENSRNOG00000009625",227.592512146205,-0.787196331933417,0.37951113843268,-2.074237755404,0.0380572354011971,0.999238351872805
"ENSRNOG00000010210",23.5860238910596,2.18128729017973,1.05296001240224,2.07157656937351,0.0383049468972962,0.999238351872805
"ENSRNOG00000001337",140.675227284665,-0.79546798630642,0.384248506909298,-2.07019148286292,0.0384344165439132,0.999238351872805
"ENSRNOG00000014689",157.374929766683,-0.930358490807155,0.449825725577196,-2.06826430305506,0.0386151765272752,0.999238351872805
"ENSRNOG00000011705",19.5979402649214,3.81179198760807,1.84367368835308,2.06749817589091,0.0386872359060103,0.999238351872805
"ENSRNOG00000000768",55.3007389850153,0.870191600236455,0.420978561803477,2.06706868043006,0.0387276827840289,0.999238351872805
"ENSRNOG00000002978",11.0195442748625,-1.4278050159003,0.690890537638799,-2.0666153871205,0.0387704097429506,0.999238351872805
"ENSRNOG00000017132",19.0117935283329,1.19077686760937,0.576542518751069,2.06537562951798,0.0388874726308865,0.999238351872805
"ENSRNOG00000027849",27.7232123471754,-1.23176729424526,0.596436261299343,-2.06521194999419,0.0389029503238675,0.999238351872805
"ENSRNOG00000060970",102.231610839824,2.09185603021586,1.0131028392829,2.06480127101067,0.0389418075619106,0.999238351872805
"ENSRNOG00000052742",2.77179562866597,4.04585561295846,1.96137407472457,2.06276592777265,0.0391348726909904,0.999238351872805
"ENSRNOG00000022929",59.2415123733216,-0.768195544049324,0.372518459311469,-2.06216772577979,0.0391917702515451,0.999238351872805
"ENSRNOG00000015553",50.6545847563252,-0.66546331892186,0.323922326894499,-2.05439163549415,0.0399378019844287,0.999238351872805
"ENSRNOG00000045781",6.39095732157275,2.15514780162368,1.05297645628715,2.04671983761428,0.0406856003398047,0.999238351872805
"ENSRNOG00000057732",6.15152740910094,-2.94083061867162,1.437363215955,-2.04598989735361,0.0407573646508895,0.999238351872805
"ENSRNOG00000027220",10.0395041422508,-1.57736985106468,0.772463719939315,-2.04199862122794,0.0411516680969221,0.999238351872805
"ENSRNOG00000061939",1.8569926671719,-4.17697956302207,2.05470387010592,-2.03288640460231,0.0420640008926791,0.999238351872805
"ENSRNOG00000051399",14.4076272073698,-2.50818329028041,1.23649604772235,-2.02846041837379,0.0425132791191873,0.999238351872805
"ENSRNOG00000019807",45.4790406183475,-0.835259189483324,0.412426653784206,-2.02523086667516,0.0428436635711662,0.999238351872805
"ENSRNOG00000050819",35.016371638993,0.873903993434912,0.431626390904749,2.0246769239552,0.0429005496605108,0.999238351872805
"ENSRNOG00000002860",52.5590456414307,0.654294933840816,0.324451698059681,2.0166173817357,0.0437354576868327,0.999238351872805
"ENSRNOG00000013092",30.7643576535928,0.799736460216385,0.396686743770619,2.01604029571209,0.0437957623262719,0.999238351872805
"ENSRNOG00000002258",41.4246501281259,0.704379993791046,0.349568232620999,2.01500001447424,0.0439046475587235,0.999238351872805
"ENSRNOG00000031739",36.3861616615941,0.813956445171321,0.404500231737283,2.01225211089613,0.0441933678048973,0.999238351872805
"ENSRNOG00000053044",14.8566135969776,1.56096366700533,0.778147664945774,2.00599929463787,0.0448563232539676,0.999238351872805
"ENSRNOG00000000850",14.6870716900597,1.15194634148428,0.574413156254086,2.00543168091144,0.0449169176556465,0.999238351872805
"ENSRNOG00000013228",2.48069574753948,-3.52691779305915,1.75962952777493,-2.00435247157904,0.0450323167640106,0.999238351872805
"ENSRNOG00000028841",24.8192218125206,0.923985221680459,0.46157834248065,2.00179500778721,0.0453067830970355,0.999238351872805
"ENSRNOG00000002824",1.75883815150041,-4.09449483851155,2.04885405870843,-1.99843167018575,0.0456698809883204,0.999238351872805
"ENSRNOG00000022837",24.765176800739,-1.06778161534547,0.534648906347654,-1.99716412521967,0.0458073567796577,0.999238351872805
"ENSRNOG00000021125",1307.15165122832,0.601283045314496,0.301169841255116,1.99649155708509,0.045880443845392,0.999238351872805
"ENSRNOG00000001806",6.31241359053219,3.29994064889688,1.65292585285705,1.99642388265209,0.0458878033703844,0.999238351872805
"ENSRNOG00000001757",39.1281194500224,1.2586691506689,0.632025745605476,1.99148398529732,0.0464277041381594,0.999238351872805
"ENSRNOG00000026653",7.83732595748746,2.1332661379035,1.071563747363,1.99079722802609,0.0465031842468632,0.999238351872805
"ENSRNOG00000009074",27.2725451299075,0.961139937297383,0.483246076725727,1.98892444985723,0.0467095426049576,0.999238351872805
"ENSRNOG00000008946",1.61402573798704,-3.97052795510072,1.99903317634956,-1.98622414178804,0.0470084413582324,0.999238351872805
"ENSRNOG00000027731",1.61402573798704,-3.97052795510072,1.99903317634956,-1.98622414178804,0.0470084413582324,0.999238351872805
"ENSRNOG00000006911",64.2922340459428,-0.914334048495198,0.460954471596983,-1.98356693520615,0.047304138291484,0.999238351872805
"ENSRNOG00000007529",74.3788984746834,-0.779464206444399,0.393726893725995,-1.97970780981715,0.0477363705067436,0.999238351872805
"ENSRNOG00000002053",1.64287279573269,-3.99277944498059,2.02256952968008,-1.9741123290887,0.0483689717448316,0.999238351872805
"ENSRNOG00000053945",70.710231548905,-0.683545359474197,0.346556696195978,-1.9723911468952,0.0485649717036882,0.999238351872805
"ENSRNOG00000034233",86.6886089776139,-0.678307354397939,0.344069479629253,-1.971425524661,0.0486752238754923,0.999238351872805
"ENSRNOG00000048771",295.094109831907,0.585112167166097,0.296980483577134,1.97020410270201,0.0488149835463672,0.999238351872805
"ENSRNOG00000023828",3.41516038546646,-2.9963572132521,1.52136189474957,-1.96952298042494,0.0488930663120057,0.999238351872805
"ENSRNOG00000027606",9.30877534484177,-2.09733152465137,1.06757845503522,-1.96456898765551,0.0494641442991477,0.999238351872805
"ENSRNOG00000033824",121.618337052419,0.60343497527016,0.307324868773745,1.96350844524208,0.0495871241476245,0.999238351872805
